{
    "metrics": {
        "iterations": {
            "rate": 1034.4462915495358,
            "count": 50000
        },
        "read_checks": {
            "count": 50000,
            "rate": 1034.4462915495358
        },
        "create_success": {
            "passes": 50000,
            "fails": 0,
            "value": 1
        },
        "create_checks": {
            "count": 50000,
            "rate": 1034.4462915495358
        },
        "http_req_connecting": {
            "avg": 0.09814068971499978,
            "min": 0,
            "med": 0,
            "max": 69.586599,
            "p(90)": 0,
            "p(95)": 0
        },
        "http_req_receiving": {
            "min": 0.023187,
            "med": 0.053918,
            "max": 9.164566,
            "p(90)": 0.072775,
            "p(95)": 0.080668,
            "avg": 0.057334204569957276
        },
        "delete_checks": {
            "count": 50000,
            "rate": 1034.4462915495358
        },
        "http_req_tls_handshaking": {
            "max": 0,
            "p(90)": 0,
            "p(95)": 0,
            "avg": 0,
            "min": 0,
            "med": 0
        },
        "checks": {
            "passes": 200000,
            "fails": 0,
            "value": 1
        },
        "read_success": {
            "passes": 50000,
            "fails": 0,
            "value": 1
        },
        "delete_success": {
            "passes": 50000,
            "fails": 0,
            "value": 1
        },
        "vus": {
            "value": 589,
            "min": 589,
            "max": 1000
        },
        "vus_max": {
            "value": 1000,
            "min": 1000,
            "max": 1000
        },
        "http_reqs": {
            "rate": 4137.785166198143,
            "count": 200000
        },
        "update_success": {
            "passes": 50000,
            "fails": 0,
            "value": 1
        },
        "http_req_waiting": {
            "avg": 213.98104453687336,
            "min": 38.573618,
            "med": 251.875922,
            "max": 543.818899,
            "p(90)": 318.6577797,
            "p(95)": 333.75686924999997
        },
        "data_sent": {
            "count": 44486220,
            "rate": 920372.1060811358
        },
        "http_req_blocked": {
            "med": 0.008591,
            "max": 69.677952,
            "p(90)": 0.011244,
            "p(95)": 0.012432,
            "avg": 0.11583850357551882,
            "min": 0.00468
        },
        "http_req_duration{expected_response:true}": {
            "avg": 214.09471867018345,
            "min": 38.668814,
            "med": 252.0311465,
            "max": 543.892653,
            "p(90)": 318.7422958,
            "p(95)": 333.8417212
        },
        "data_received": {
            "count": 41213422,
            "rate": 852661.430999321
        },
        "iteration_duration": {
            "avg": 957.9186874435927,
            "min": 475.416197,
            "med": 1150.7292035,
            "max": 1666.393767,
            "p(90)": 1358.6616753,
            "p(95)": 1417.7981486499996
        },
        "http_req_duration": {
            "min": 38.668814,
            "med": 252.0311465,
            "max": 543.892653,
            "p(90)": 318.7422958,
            "p(95)": 333.8417212,
            "avg": 214.09471867018345,
            "thresholds": {
                "p(95)<500": false
            }
        },
        "http_req_sending": {
            "med": 0.022349,
            "max": 59.617799,
            "p(90)": 0.03073,
            "p(95)": 0.035759,
            "avg": 0.056339928739997665,
            "min": 0.012293
        },
        "http_req_failed": {
            "passes": 0,
            "fails": 200000,
            "value": 0
        },
        "update_checks": {
            "count": 50000,
            "rate": 1034.4462915495358
        }
    },
    "root_group": {
        "name": "",
        "path": "",
        "id": "d41d8cd98f00b204e9800998ecf8427e",
        "groups": {},
        "checks": {
                "create is 200": {
                    "name": "create is 200",
                    "path": "::create is 200",
                    "id": "95a0cebd2c7252a1853ff011d00698e6",
                    "passes": 50000,
                    "fails": 0
                },
                "read is 2xx": {
                    "name": "read is 2xx",
                    "path": "::read is 2xx",
                    "id": "703c04aca439f7f78d7ecbddecc2d63f",
                    "passes": 50000,
                    "fails": 0
                },
                "update is 200": {
                    "fails": 0,
                    "name": "update is 200",
                    "path": "::update is 200",
                    "id": "d9060e4dc6ea19c7182b5144374e8c89",
                    "passes": 50000
                },
                "delete is 200": {
                    "passes": 50000,
                    "fails": 0,
                    "name": "delete is 200",
                    "path": "::delete is 200",
                    "id": "545009c03a71a85257245254564525dd"
                }
            }
    }
}