{
    "root_group": {
        "id": "d41d8cd98f00b204e9800998ecf8427e",
        "groups": {},
        "checks": {
                "create is 200": {
                    "name": "create is 200",
                    "path": "::create is 200",
                    "id": "95a0cebd2c7252a1853ff011d00698e6",
                    "passes": 50000,
                    "fails": 0
                },
                "read is 2xx": {
                    "id": "703c04aca439f7f78d7ecbddecc2d63f",
                    "passes": 50000,
                    "fails": 0,
                    "name": "read is 2xx",
                    "path": "::read is 2xx"
                },
                "update is 200": {
                    "path": "::update is 200",
                    "id": "d9060e4dc6ea19c7182b5144374e8c89",
                    "passes": 50000,
                    "fails": 0,
                    "name": "update is 200"
                },
                "delete is 200": {
                    "name": "delete is 200",
                    "path": "::delete is 200",
                    "id": "545009c03a71a85257245254564525dd",
                    "passes": 50000,
                    "fails": 0
                }
            },
        "name": "",
        "path": ""
    },
    "metrics": {
        "http_req_duration{expected_response:true}": {
            "p(90)": 323.000135,
            "p(95)": 337.05419539999997,
            "avg": 236.26854124324083,
            "min": 27.0898,
            "med": 259.5750575,
            "max": 467.665521
        },
        "read_success": {
            "passes": 50000,
            "fails": 0,
            "value": 1
        },
        "http_req_duration": {
            "avg": 236.26854124324083,
            "min": 27.0898,
            "med": 259.5750575,
            "max": 467.665521,
            "p(90)": 323.000135,
            "p(95)": 337.05419539999997,
            "thresholds": {
                "p(95)<500": false
            }
        },
        "http_req_connecting": {
            "min": 0,
            "med": 0,
            "max": 1095.046598,
            "p(90)": 0,
            "p(95)": 0,
            "avg": 0.831930223555
        },
        "iterations": {
            "count": 50000,
            "rate": 945.3019958153003
        },
        "http_req_waiting": {
            "avg": 236.177426566754,
            "min": 27.002008,
            "med": 259.48070099999995,
            "max": 467.565506,
            "p(90)": 322.9191667,
            "p(95)": 336.96769864999993
        },
        "vus_max": {
            "value": 1000,
            "min": 1000,
            "max": 1000
        },
        "http_req_sending": {
            "p(90)": 0.03101,
            "p(95)": 0.036248,
            "avg": 0.033544477545024494,
            "min": 0.012362,
            "med": 0.022,
            "max": 15.704737
        },
        "iteration_duration": {
            "avg": 1049.7048940132947,
            "min": 528.627433,
            "med": 1220.6017769999999,
            "max": 1977.720808,
            "p(90)": 1318.489778,
            "p(95)": 1345.9134719
        },
        "create_success": {
            "passes": 50000,
            "fails": 0,
            "value": 1
        },
        "checks": {
            "passes": 200000,
            "fails": 0,
            "value": 1
        },
        "http_req_tls_handshaking": {
            "max": 0,
            "p(90)": 0,
            "p(95)": 0,
            "avg": 0,
            "min": 0,
            "med": 0
        },
        "http_reqs": {
            "count": 200000,
            "rate": 3781.207983261201
        },
        "update_checks": {
            "count": 50000,
            "rate": 945.3019958153003
        },
        "delete_success": {
            "passes": 50000,
            "fails": 0,
            "value": 1
        },
        "data_received": {
            "count": 45813414,
            "rate": 866150.2337862523
        },
        "read_checks": {
            "count": 50000,
            "rate": 945.3019958153003
        },
        "data_sent": {
            "count": 44485885,
            "rate": 841051.9175221985
        },
        "http_req_failed": {
            "passes": 0,
            "fails": 200000,
            "value": 0
        },
        "update_success": {
            "passes": 50000,
            "fails": 0,
            "value": 1
        },
        "vus": {
            "value": 1000,
            "min": 1000,
            "max": 1000
        },
        "create_checks": {
            "rate": 945.3019958153003,
            "count": 50000
        },
        "http_req_blocked": {
            "med": 0.008591,
            "max": 1095.132783,
            "p(90)": 0.011175,
            "p(95)": 0.012432,
            "avg": 0.843133586915676,
            "min": 0.004819
        },
        "http_req_receiving": {
            "med": 0.053359,
            "max": 8.480111,
            "p(90)": 0.071379,
            "p(95)": 0.079271,
            "avg": 0.05757019894495237,
            "min": 0.024375
        },
        "delete_checks": {
            "count": 50000,
            "rate": 945.3019958153003
        }
    }
}